id,author,oldAuthor
29,兰陵小聲,兰陵小  
70,閾犵殗,      
462,涓呬汉璇涘績,涓 浜鸿  蹇 
697,寔宁,  宁
717,王奃泫,王 D泫
777,涅槃之剑,涅  之剑
778,疏棐居,疏  居
890,双龍化心,双  化心
980,婠婠,    
998,蟲子, x子
1000,吴铭有洺,吴铭有  
1001,煋鹤道仁,  鹤道仁
1148,雲巅丨冰尘大大_飞卢大神作家,  巅丨冰尘大大
1176,鹿璟村,鹿 Z村
1326,婠婠,    
1556,宝哥最爱蓝白纹,优  快跑
1600,三生七界,优  快跑
1650,鹿璟村,鹿 Z村
1687,婠婠,    
1693,爱吃菠萝,  卞        
1712,四十八時,四十八 r
1722,尘世闲游,灏 涓 涔    
1780,武侠天牓,武侠天  
1855,婠婠,    
1900,涅槃996,涅  996
1970,廢一飞冲天, U一飞冲天
2034,玖晞,玖  
2065,恭喜發财,恭喜 l财
2076,酔武逍遥, E武逍遥
2157,奷奷君子, d d君子
2201,浴火涅槃,浴火涅  
2214,阦皇, g皇
2330,小日该亖,小日该  
2362,濡栫伀鐒氫功,濡       涔 
2401,小明同學,小明同 W
2454,抱住阿玥玥,抱住阿 h h
2468,濡栫伀鐒氫功,濡       涔 
2475,濡栫伀鐒氫功,濡       涔 
2511,p站刘玥,p站刘 h
2620,娣辨笂璇楅洦,娣辨  璇    
2694,火炎焱燚上天榜,火炎焱 D上天榜
2722,潜龍,潜  
2730,濡栫伀鐒氫功,濡       涔 
2818,潜龍,潜  
2826,龍抬头,  抬头
2835,火炎焱燚上天榜,火炎焱 D上天榜
2912,火炎焱燚上天榜,火炎焱 D上天榜
2999,抱住阿玥玥,抱住阿 h h
3029,抱住阿玥玥,抱住阿 h h
3352,商暻,商  
3428,老夫慕雲,老夫慕  
3513,神龍见首,神  见首
3579,月光寳盒,月光  盒
3703,眀十七, b十七
3710,巡河車,巡河  
3870,神龍尊者,神  尊者
3935,抱住阿玥玥,抱住阿 h h
3948,天龍之子,天  之子
4068,山海承影,    
4113,在下酱油,  扮 扮 扮  
4178,巡河車,巡河  
4185,抱住阿玥玥,抱住阿 h h
4451,巡河車,巡河  
4578,都市母猪流,焱 响 
4771,巡河車,巡河  
4816,焱炏灬,焱 响 
4903,花间酌,  遍 撮  A
5006,绮剧伒涓栦唬,绮剧 典  浠 
5061,图暔煵,图    
5137,咲咲猫, D D猫
5156,咲咲猫, D D猫
5167,武侠天牓,武侠天  
5395,云長,云 L
5539,巡河車,巡河  
5562,娣辨笂璇楅洦,娣辨  璇    
5704,焱炏灬,焱 响 
5725,未夬,未  
5743,闈炴床鎸栫熆,   娲叉     
5744,巡河車,巡河  
5780,特种兵帅,焱 响 
5791,特战掃柔,特战 呷 
5913,烛風,烛 L
5977,啫梵, ㄨ 
5987,杨子珅,杨子 |
6010,大秦祖龍,大秦祖  
6043,六牤星君,六  星君
6137,武侠天牓,武侠天  
6230,爱吃菠萝,  卞        
6291,羊肠小道,      
6347,大秦祖龍,大秦祖  
6349,大風起兮雲飛揚,大 L起兮   w P
6382,吥服就干, 姆 就干
6384,筱kotori,绛 Kotori
6393,天择阿伟,娣辨  璇    
6471,神遊,神 [
6484,鐖卞悆鑿犺悵,  卞        
6567,三国萌新,      
6691,玄二狗子,   浜    瀛 
6760,宝宝不哭,墨子 X
6865,狼牙大帅, b手天涯
7113,鐓庤尪,      
7577,囍了蒜了, 至怂饬 
7579,囍了蒜了, 至怂饬 
7789,武侠天牓,武侠天  
7841,璇峰彨鎴戞辰绁瀦z,璇峰     娉界  zz
7897,武侠天牓,武侠天  
7914,鐓庤尪,      
8159,犇波儿爸, 牟ǘ 爸
8231,殘夢,    
8361,东煌太一,璇峰     娉界  zz
8523,兰瞳暻,兰瞳  
8532,云顶之弈丨双囍,云顶之弈丨双  
8571,巡河車,巡河  
8657,清蒸曜阳,      
8777,灏忕背鍠濈播,灏 绫冲  绮 
8796,脩修,  修
8811,最强特种兵, b手天涯
8816,我不要扑晐,我不要扑 |
8872,阿竟,  跨  
8967,心灵中の鳶尾花,心灵中の S尾花
8982,恋妳成伤,恋  成伤
8983,网络人气女孩〆佳仪,网络人气女孩 e佳仪
9003,小唄,小 h
9038,卜卦゛雪,卜卦 a雪
9069,你好嘢,你好 S
9100,游無周凯X,游 o周凯X
9101,〆ιμò羽析、旋, eιμò羽析、旋
9104,ζ星箜φ熌蒴,ζ星箜φ 妮 
9112,小喽啰,小喽  
9119,┏漸漸的消失ミ,┏ u u的消失ミ
9131,蒶sé荷兰瀦, ksé荷兰 z
9136,丷咖啡, R咖啡
9137,紫、纞~ 瑶、,紫、 ~~ 瑶、
9152,愛我&你不配, 畚 &你不配
9164,翀_HChen,  _HChen
9187,誤哙☆妳箬卟離卟弃, `哙☆  箬卟 x卟弃
9200,落婲&嘫,落 N& Y
9204,叶筱珺,叶筱 B
9248,寶貝、也愛餹,    、也 垧n
9296,七海露之亜,七海露之  
9298,╋孡頭♀儭沵,╋ L ^♀   m
9329,κiζsヤ棒ъǎǹ餹シ,κiζsヤ棒ъǎ 筐nシ
9330,夏小渃,夏小 c
9331,东京下雨怎么会淋湿巴黎╮,东京下雨怎么会淋湿巴黎 r
9336,小唄,小 h
9361,卜無,卜 o
9409,蓦袇FN,蓦  FN
9431,一只齊天,一只 R天
9434,;じ☆ve蘭飛鱈-﹀﹀ご,;じ☆ve m w L- 濡澶 
9439,暖繬哀殇,暖 N哀殇
9512,玖小徯,玖小  
9513,樱兰亚姬╮,樱兰亚姬 r
9546,玹雅, t雅
9557,毓馜,毓 D
9567,﹏黑↘喵, n黑 K喵
9576,永樂公子,永 饭 子
9588,殘瞳,  瞳
9609,┏漸漸的消失ミ,┏ u u的消失ミ
9612,淚灬綿綿, I灬 d d
9615,卧龍,卧  
9671,淚の小璇, Iの小璇
9704,鎏曐,鎏  
9762,囧囧女,   迮 
9786,╰→恋love＂雅婷, t→恋love＂雅婷
9815,﹏虚情假意丶, n虚情假意丶
9843,大飛哥,大 w哥
9851,还欠哈啰一块八,还欠哈  一块八
9853,依玥昕倍,依 h昕倍
9870,◇◆雨玥╮湘★,◇◆雨 h r湘★
9938,我不要扑晐,我不要扑 |
9977,雲中龍,  中  
10000,●﹎мe陌生,● mмe陌生
10020,江東,江 |
10039,淒如烟, D如烟
10076,ヾ左灵锦づ, d左灵锦づ
10159,兲使、會哭嗎, 淌埂   哭  
10167,曌,  
10180,゛陌颜゜, a陌颜 b
10244,樰梓艺, 蓁饕 
10354,蓝笉妤,蓝  妤
10358,書生敬亭山,  生敬亭山
10387,初夏澪,初夏  
